{"train/loss": 0.385, "train/grad_norm": 0.6110746264457703, "train/learning_rate": 1.9352669449190785e-08, "train/epoch": 2.0, "train/global_step": 10060, "_timestamp": 1718937228.4052925, "_runtime": 13853.531717538834, "_step": 20, "train_runtime": 13856.4342, "train_samples_per_second": 2.904, "train_steps_per_second": 0.726, "total_flos": 7.47976192758743e+16, "train_loss": 0.40646289632050225}