{"train/loss": 1.1287, "train/grad_norm": 1.789244294166565, "train/learning_rate": 0.00019999346045251925, "train/epoch": 0.0036403349108117948, "train/global_step": 40, "_timestamp": 1718904338.9830236, "_runtime": 34.69541573524475, "_step": 3}