{"train/loss": 1.0625, "train/grad_norm": 1.0883681774139404, "train/learning_rate": 0.0001999738426653906, "train/epoch": 0.0072806698216235895, "train/global_step": 80, "_timestamp": 1718886141.4756103, "_runtime": 64.14965534210205, "_step": 7}