{"train/loss": 1.2092, "train/grad_norm": 1.2755309343338013, "train/learning_rate": 0.00019998528621863396, "train/epoch": 0.005460502366217692, "train/global_step": 60, "_timestamp": 1718903934.5375857, "_runtime": 48.967851638793945, "_step": 5}